{"cameraMode":{"drawMode":0,"name":"Shaded","section":"Shading Mode"},"sceneLighting":true,"audioPlay":false,"sceneViewState":{"m_AlwaysRefresh":false,"showFog":true,"showSkybox":true,"showFlares":true,"showImageEffects":true,"showParticleSystems":true,"showVisualEffectGraphs":true,"m_FxEnabled":true},"in2DMode":false,"pivot":{"x":395.7500915527344,"y":420.79461669921877,"z":-47.08259582519531},"rotation":{"x":-0.07163842022418976,"y":0.003886298043653369,"z":-0.0002807594137266278,"w":-0.997427761554718},"size":930.6695556640625,"orthographic":false}